{"tf_idf_count": {"-KBkSxB11vjwhjk_MdMo": {"unexamined": 1.1931471805599454, "never": 1.1931471805599454}, "-KBoeNyeitnWnPgnH6K_": {"me": 0.38493019270997947, "dinosaur": 0.38493019270997947, "this": 0.38493019270997947, "very": 0.38493019270997947, "classy,": 0.38493019270997947, "you": 0.38493019270997947, "believe": 0.38493019270997947, "was": 0.38493019270997947}, "-KBZGZrXGSqYORPh744Q": {"unexamined": 0.34089919444569866, "living": 0.4399202202399765, "life": 0.34089919444569866, "is": 0.34089919444569866, "not": 0.4399202202399765, "the": 0.34089919444569866, "worth": 0.4399202202399765}, "-KBoeSQEFSxLmanDor-H": {"suffering": 1.5397207708399179, "suckatash": 1.5397207708399179}, "-KBZGWAxk1KZit8bn8U-": {"a": 0.3079441541679836, "life": 0.23862943611198909, "of": 0.6158883083359672, "is": 0.23862943611198909, "game": 0.6158883083359672, "learning": 0.23862943611198909, "the": 0.23862943611198909, "everlasting": 0.3079441541679836}, "-KBZGbDf52UEGbFOvrow": {"never": 0.7954314537066303, "stop": 1.0264805138932784, "learning": 0.7954314537066303}, "-KBoeJOdwMUquDKSkqRf": {"crazy": 0.38493019270997947, "just": 0.38493019270997947, "that": 0.38493019270997947, "many": 0.38493019270997947, "so": 0.38493019270997947, "words": 0.38493019270997947, "it's": 0.38493019270997947, "has": 0.38493019270997947}, "-KBoeXZvP-j6R0pGfpbH": {"and": 0.3079441541679836, "like": 0.3079441541679836, "dirt": 0.3079441541679836, "i": 0.3079441541679836, "freedom": 0.3079441541679836, "trucks,": 0.3079441541679836, "fries": 0.3079441541679836, "freedom,": 0.3079441541679836, "fries,": 0.3079441541679836, "roads,": 0.3079441541679836}}, "idf_count": {"and": 3.0794415416798357, "crazy": 3.0794415416798357, "just": 3.0794415416798357, "suckatash": 3.0794415416798357, "trucks,": 3.0794415416798357, "learning": 2.386294361119891, "living": 3.0794415416798357, "dinosaur": 3.0794415416798357, "it's": 3.0794415416798357, "that": 3.0794415416798357, "worth": 3.0794415416798357, "classy,": 3.0794415416798357, "you": 3.0794415416798357, "everlasting": 3.0794415416798357, "was": 3.0794415416798357, "is": 2.386294361119891, "unexamined": 2.386294361119891, "me": 3.0794415416798357, "life": 2.386294361119891, "dirt": 3.0794415416798357, "very": 3.0794415416798357, "never": 2.386294361119891, "stop": 3.0794415416798357, "fries,": 3.0794415416798357, "game": 3.0794415416798357, "words": 3.0794415416798357, "not": 3.0794415416798357, "believe": 3.0794415416798357, "a": 3.0794415416798357, "has": 3.0794415416798357, "like": 3.0794415416798357, "i": 3.0794415416798357, "freedom": 3.0794415416798357, "many": 3.0794415416798357, "fries": 3.0794415416798357, "suffering": 3.0794415416798357, "freedom,": 3.0794415416798357, "roads,": 3.0794415416798357, "this": 3.0794415416798357, "so": 3.0794415416798357, "of": 3.0794415416798357, "the": 2.386294361119891}}